19,24,25,26,27,28,31,34,37,38,42,45,46,49,50,57,58,59,61,63,64,67,71,74,76,79,80,81,82,83,84,85,90,92,94,95,96,97,98,100,101,102,103,104,106,107,108,109,112,113,114,116,117,118,119,120,124,126,127,133,134,135,136,137,139,140,142,143,144,148,150,151,153,154,156,159,160,162,169,171,172,179,180,188,189,190,191,192,193,194,197,204,206,210,211,217,218,220,223,225,226,228,229,231,232,233,234,236,238,241,244,245,246,247,248,249,250,251,252,253,255
24,24,24,22,27,41,23,28,30,24,24,23,28,22,19,22,26,30,23,26,24,24,22,24,23,22,33,52,18,30,29,24,23,28,47,23,23,26,25,36,23,23,25,24,23,24,30,25,21,26,21,26,23,21,20,23,22,22,25,25,22,22,22,20,26,25,23,22,22,23,24,25,21,20,35,26,24,21,22,23,25,22,38,26,39,26,22,22,21,24,23,25,29,20,24,23,30,22,26,24,24,21,23,27,22,21,21,22,23,25,27,27,22,21,21,24,25,21,25,24,23
13,13,15,14,20,12,18,16,15,16,15,11,15,17,17,21,14,18,12,20,11,18,12,17,17,8,17,15,16,17,20,16,20,20,15,12,17,13,12,16,11,15,15,18,12,17,17,19,14,8,12,17,12,21,18,14,13,18,9,13,13,15,10,16,20,12,22,24,15,20,23,13,25,12,19,13,19,15,14,13,12,14,14,15,15,21,14,15,13,15,13,13,21,18,27,21,22,11,15,11,20,20,23,17,15,16,21,20,16,20,20,18,10,16,18,18,18,10,23,16,22
25,29,32,35,24,32,30,35,25,30,36,29,29,38,38,44,28,30,22,29,28,25,25,29,27,29,33,26,28,26,35,32,36,40,30,27,21,27,24,31,30,28,29,41,27,31,28,31,31,25,33,29,25,35,33,29,22,39,18,29,26,48,20,36,32,29,35,30,37,31,38,30,38,22,43,26,39,30,32,35,21,43,21,37,29,34,31,36,29,31,22,27,35,35,39,28,36,31,27,27,28,26,33,37,25,38,48,38,35,29,30,35,25,34,35,38,21,23,42,32,38
38,42,47,49,44,44,48,51,40,46,51,40,44,55,55,65,42,48,34,49,39,43,37,46,44,37,50,41,44,43,55,48,56,60,45,39,38,40,36,47,41,43,44,59,39,48,45,50,45,33,45,46,37,56,51,43,35,57,27,42,39,63,30,52,52,41,57,54,52,51,61,43,63,34,62,39,58,45,46,48,33,57,35,52,44,55,45,51,42,46,35,40,56,53,66,49,58,42,42,38,48,46,56,54,40,54,69,58,51,49,50,53,35,50,53,56,39,33,65,48,60
7,6,13,5,4,4,16,0,1,11,16,5,4,18,22,9,11,4,5,10,7,15,1,7,0,11,3,8,3,10,14,4,7,8,1,4,8,12,2,0,12,9,0,18,9,18,15,0,0,11,12,8,0,13,6,8,11,16,2,0,8,2,3,8,23,7,4,20,13,0,6,15,3,5,23,5,12,3,10,12,16,3,3,25,14,5,0,0,8,4,5,11,26,4,3,9,13,1,5,1,7,10,0,7,2,13,8,12,28,11,6,1,5,9,10,20,8,1,23,5,15
6,9,20,6,33,2,48,7,17,39,32,22,15,25,37,19,29,27,24,56,8,47,8,12,23,44,9,43,12,33,18,16,16,47,28,16,18,17,11,12,50,18,9,46,28,59,34,22,14,35,29,19,4,21,8,42,36,30,24,21,21,3,28,40,42,23,19,35,11,7,11,40,27,35,38,17,46,11,40,34,13,6,21,9,22,26,7,8,17,11,23,30,46,19,25,46,27,18,42,14,31,23,38,36,12,2,15,16,39,32,40,18,5,14,53,44,65,35,59,6,41
8,10,15,14,12,6,13,10,8,11,10,7,7,19,20,12,5,7,6,11,7,8,8,9,7,11,11,9,8,11,10,9,12,16,6,6,10,10,6,8,15,9,8,16,8,16,12,7,11,5,11,9,5,11,11,9,10,11,5,9,14,8,5,15,17,8,14,14,12,8,12,12,15,12,12,8,10,7,9,9,10,10,8,20,6,14,6,5,10,6,7,16,16,12,12,13,11,7,5,6,11,8,12,10,7,12,15,12,20,13,13,11,9,10,18,15,9,6,14,8,18
0,4,4,9,8,1,8,7,2,1,1,0,5,8,7,4,0,8,4,8,9,8,3,4,0,3,10,2,4,6,10,5,3,5,6,3,7,0,0,10,9,8,0,8,3,6,1,3,9,0,0,0,3,6,3,6,0,10,0,5,5,11,0,10,1,8,3,8,5,7,1,7,4,0,10,0,8,0,0,2,2,0,10,5,2,3,0,2,10,0,6,2,2,0,8,9,3,0,10,0,7,5,3,3,5,9,5,8,3,4,1,10,0,2,0,5,1,7,2,9,3
21,21,39,41,24,22,44,20,19,25,32,18,30,52,42,21,23,25,18,33,21,35,23,24,24,21,29,21,25,22,29,24,28,47,22,18,30,31,18,22,53,31,28,39,21,62,30,30,25,17,25,24,17,24,27,27,26,28,19,21,25,17,21,47,42,33,25,29,58,23,20,26,24,23,55,20,26,20,26,27,25,22,35,41,26,29,25,24,24,22,21,36,45,22,33,41,23,17,33,20,38,27,26,23,21,29,17,21,77,30,38,30,17,25,22,38,27,24,43,21,31
16,9,18,18,25,17,21,3,3,6,14,3,10,21,27,7,9,8,8,13,6,8,11,13,4,13,18,10,11,11,11,9,14,22,6,9,15,13,2,6,25,19,5,12,10,21,17,9,16,5,13,9,8,15,8,9,11,18,7,17,15,10,3,20,21,14,17,19,27,11,14,10,28,12,11,10,14,6,10,16,13,17,11,21,14,18,8,5,12,7,9,7,23,8,17,19,8,13,10,7,17,6,19,9,10,19,20,16,35,18,22,17,6,13,16,22,9,5,25,12,20
14,18,15,22,17,14,21,19,20,18,17,12,18,13,16,19,19,6,16,10,21,19,12,16,9,15,19,11,18,17,23,16,16,20,19,18,21,17,17,16,13,17,17,23,15,15,15,14,13,15,22,14,14,22,19,13,15,19,11,10,17,17,20,16,15,19,15,21,18,24,22,22,13,9,21,12,14,18,18,20,21,23,12,13,20,21,11,10,16,15,17,16,21,20,21,21,20,15,14,12,13,12,13,14,15,17,23,24,20,17,17,25,12,19,21,17,17,16,20,18,19
19,19,20,19,18,21,17,23,10,24,19,12,18,17,24,17,19,13,13,13,17,17,18,20,12,16,19,19,13,23,15,16,14,18,16,12,14,21,17,20,21,14,16,17,13,17,18,12,20,19,15,11,22,19,21,2,14,23,16,14,16,18,23,14,17,13,16,14,24,22,22,18,21,13,25,17,14,18,19,18,19,19,19,17,18,18,18,15,15,21,18,18,21,20,16,16,14,17,18,21,18,11,19,20,18,19,18,21,20,16,16,20,21,18,18,19,15,21,16,21,14
21,23,24,14,20,18,15,20,16,22,17,22,19,11,19,21,16,8,21,13,21,27,17,22,12,22,8,14,16,24,21,23,10,16,22,15,16,22,15,24,13,10,17,16,16,16,19,12,21,13,22,10,19,16,22,11,19,23,22,14,23,6,18,14,13,20,21,12,21,23,20,16,9,9,16,13,18,18,21,19,21,24,15,18,25,19,22,11,15,14,20,18,16,18,13,18,19,20,16,21,15,22,18,22,19,18,14,12,27,16,13,18,27,21,17,24,21,21,16,23,19
10,10,21,13,14,10,17,4,9,19,13,11,7,19,20,14,16,10,9,13,10,15,8,17,8,12,9,13,7,17,11,15,12,23,11,12,10,18,11,8,16,15,12,19,9,19,17,21,14,9,12,14,6,16,16,9,12,21,6,10,15,8,14,13,17,9,13,17,10,13,17,15,22,10,17,13,16,12,15,20,17,7,11,18,13,15,7,12,10,7,17,20,14,11,12,14,15,12,12,12,9,7,21,11,9,13,17,14,18,15,15,13,11,16,22,21,9,15,17,13,11
64,70,80,68,69,63,70,66,55,83,66,57,62,60,79,71,70,37,59,49,69,78,55,75,41,65,55,57,54,81,70,70,52,77,68,57,61,78,60,68,63,56,62,75,53,67,69,59,68,56,71,49,61,73,78,35,60,86,55,48,71,49,75,57,62,61,65,64,73,82,81,71,65,41,79,55,62,66,73,77,78,73,57,66,76,73,58,48,56,57,72,72,72,69,62,69,68,64,60,66,55,52,71,67,61,67,72,71,85,64,61,76,71,74,78,81,62,73,69,75,63
3,8,10,5,7,5,13,10,5,6,3,2,4,7,18,7,5,5,6,16,7,15,2,3,11,11,7,7,14,6,4,2,8,17,9,10,13,4,2,9,10,6,6,4,10,13,13,12,15,7,11,3,3,8,8,12,6,13,2,11,9,14,9,13,13,8,9,14,12,6,6,16,12,13,9,7,11,3,11,4,6,11,15,10,14,12,12,8,9,5,6,11,14,11,13,11,3,15,9,7,8,7,14,3,6,10,11,10,18,9,10,14,2,5,10,13,15,6,8,7,15
9,4,11,10,9,7,14,6,11,10,12,7,8,8,15,10,8,6,7,9,7,16,5,7,7,10,12,10,12,6,5,6,8,13,7,3,11,8,3,7,6,11,7,9,9,12,13,2,11,8,8,12,9,9,4,9,7,16,4,11,13,12,4,14,16,9,7,9,18,8,9,11,10,11,8,6,12,5,16,12,15,15,12,15,16,9,9,7,9,8,5,16,13,10,14,15,8,5,8,4,10,10,14,8,9,14,14,12,18,10,15,12,4,9,13,13,11,2,13,9,13
6,5,12,7,12,7,6,4,11,8,5,5,8,9,15,8,3,6,6,10,6,9,6,9,9,8,15,8,7,5,6,9,10,11,6,8,8,7,5,7,6,7,9,7,7,13,9,6,12,5,8,8,6,6,10,14,7,13,2,11,8,10,4,14,9,8,8,8,9,5,11,6,16,13,8,6,5,8,12,8,9,12,10,10,8,12,8,8,7,6,8,14,8,9,12,10,7,9,5,6,13,7,13,10,8,11,15,12,18,7,12,5,3,12,15,13,12,2,13,9,14
10,5,10,3,10,6,13,9,10,11,4,4,6,6,11,10,8,7,6,16,3,14,6,6,15,10,11,10,15,3,6,5,12,12,10,4,14,5,7,9,6,7,4,2,10,12,13,7,14,9,16,7,2,9,2,16,11,11,3,10,5,4,9,14,6,13,5,13,10,4,6,7,13,8,10,7,11,6,8,9,17,14,7,10,10,13,8,9,10,6,9,15,9,6,12,5,3,9,16,6,14,12,13,7,6,7,2,7,18,9,15,14,6,9,15,9,12,7,15,5,14
6,7,5,7,6,6,9,2,6,7,5,4,8,6,14,2,5,6,6,11,2,10,3,7,3,10,10,5,10,5,7,8,11,10,8,3,11,4,4,7,7,7,4,3,5,10,12,5,11,9,6,12,2,8,4,9,8,11,2,8,4,5,8,14,9,10,5,14,12,3,3,5,16,7,9,7,5,5,9,3,15,16,6,12,7,6,8,7,4,5,5,11,9,6,8,10,3,11,7,11,9,7,10,9,9,8,6,12,14,8,4,3,2,7,7,10,14,4,9,3,10
34,29,48,32,44,31,55,31,43,42,29,22,34,36,73,37,29,30,31,62,25,64,22,32,45,49,55,40,58,25,28,30,49,63,40,28,57,28,21,39,35,38,30,25,41,60,60,32,63,38,49,42,22,40,28,60,39,64,13,51,39,45,34,69,53,48,34,58,61,26,35,45,67,52,44,33,44,27,56,36,62,68,50,57,55,52,45,39,39,30,33,67,53,42,59,51,24,49,45,34,54,43,64,37,38,50,48,53,86,43,56,48,17,42,60,58,64,21,58,33,66
89.0475,55.9925,156.164,188.4,119.311,148.8,82.829,95.575,80.3825,100.861,160.425,125.15,250.65,71.479,49.754,42.775,159.25,73.0585,83.0625,95.53139035087719,73.632,70.129,81.475,157.775,94.679,132.5,70.779,67.675,65.975,95.53139035087719,95.53139035087719,76.841,80.382,70.3,95.53139035087719,51.154,170.875,111.75,131.254,69.1835,101.1335,83.467,64.229,133.275,109.575,89.1085,54.3,95.53139035087719,70.846,51.5,133,115.929,99.4,170.15,73.875,37.75,139.375,48.071,57.521,156.825,88.296,79.1375,52.85,99.778,131.3,58.375,134.025,90.775,94.65,160.195,57.85,50.796,45.215,103.75,48.675,74.7,59.64,135.6,70.1,67.925,115.963,61.825,80.8,79.01,94.182,95.53139035087719,63.15,64.75,91.32,105.681,67.493,117.8,73.875,133.221,72.425,77.7,95.53139035087719,72.73,132.2,51.7625,73.1825,69.871,37.025,132.1,81.353,59.321,50.739,235.446,167.034,90.364,81.596,199.865,55.25,77.246,116.025,81.25,67.906,74.45,130.855,183.25,68.275
36,33,66,39,50,35,67,40,39,42,69,36,50,93,92,56,44,50,44,64,35,50,43,46,38,59,52,53,36,73,46,47,52,69,48,39,43,46,28,37,89,68,46,64,37,80,67,45,61,43,38,41,31,48,41,44,53,54,33,76,40,65,34,86,70,41,59,63,81,34,45,51,63,62,53,32,64,41,60,58,48,48,51,71,44,50,46,42,42,38,36,72,84,50,70,65,46,37,41,46,70,30,69,50,36,64,57,47,120,67,88,79,30,46,74,100,56,32,86,46,71
3,4,8,6,5,6,10,2,2,2,5,0,3,9,16,5,3,0,3,9,3,4,0,6,4,4,4,2,3,2,3,3,5,11,4,1,7,4,1,2,12,5,3,3,5,15,9,0,6,1,5,6,1,5,3,7,3,12,0,4,6,7,2,13,6,2,4,8,15,1,3,7,7,5,4,0,5,0,10,3,3,1,7,8,9,9,2,5,2,1,3,6,9,4,10,8,2,1,7,0,10,5,8,7,5,6,11,5,23,5,11,7,0,5,5,11,10,0,17,6,6
7,11,5,16,13,11,16,10,2,8,13,5,11,12,31,4,2,9,21,11,12,12,4,7,4,7,19,5,1,1,14,17,13,6,8,12,6,7,2,8,11,15,8,34,10,34,20,4,14,5,5,10,3,25,9,11,8,10,5,11,9,17,7,9,12,19,11,17,13,6,19,22,8,7,17,3,4,4,1,18,8,4,26,22,11,12,18,11,10,7,9,6,13,2,19,23,2,11,16,0,6,12,18,15,7,13,12,10,16,20,14,14,2,10,6,12,3,3,26,4,6
6,2,11,4,4,16,14,2,3,0,10,7,9,10,11,9,3,8,4,2,8,14,2,4,3,4,13,6,7,3,1,3,6,15,5,2,9,2,4,4,13,8,18,5,2,15,9,1,2,5,3,6,3,5,1,4,5,12,3,4,1,5,9,19,13,10,12,8,22,5,5,15,0,9,1,1,0,3,13,9,2,3,17,22,20,13,14,13,2,6,3,7,1,18,18,11,6,1,7,2,11,8,15,5,7,14,6,1,24,5,13,5,2,5,6,9,2,3,14,5,2
3.75,3,3.75,3.5,1.75,5,4.75,0.75,1.5,2.5,2.75,3.5,4,1.25,3.75,3,3.25,1,4.25,2,3.75,2.5,1.5,0.75,3.25,1,2.25,1.75,4.5,3,4.75,2.75,2.5,5,4.25,0,3.5,3.75,2.5,4.75,2.5,1.5,3,3.5,3,2.5,3.5,3.5,3.25,0,3.25,2,3.5,2.75,2.25,0.25,0.25,4,0,2,4,1.75,2.75,1.75,2,2,4,1.75,3,5,4.5,3.75,2.75,2,3,2.75,3.25,4,3.5,2.5,3,2.5,3.25,4.25,5,2.25,1.75,1.75,3.25,1.5,2.25,2,3.5,2.25,1.75,1.25,5,2.25,3.25,3.5,1.5,0.75,1.5,2.75,3.5,3.25,3.5,4,3,2.25,3.25,5,4.75,3.25,3.25,1.25,1.5,2.75,2,4,2.75
1.833333333,1.833333333,2.166666667,1.666666667,2.166666667,1.833333333,1.5,2.166666667,1.5,1.166666667,1.5,2.5,1.666666667,2,1.166666667,1.333333333,1.166666667,1.333333333,1.833333333,1.333333333,1.666666667,1,2,1.666666667,1.166666667,1.5,1.166666667,1,1.833333333,1,1.5,1.5,1.166666667,1.333333333,2.5,2.833333333,2.333333333,1.666666667,1.833333333,2,1.5,1.5,2.333333333,1.666666667,1.166666667,1.5,2.166666667,1.833333333,2.333333333,2.166666667,2.333333333,1.5,1.833333333,1,1.166666667,2.166666667,2.333333333,2.5,3,2.5,2.666666667,1,2,1,2.333333333,1.833333333,2,1.833333333,1.5,2.333333333,2,2.333333333,1.833333333,1.666666667,1.5,2,2.333333333,1.5,2.166666667,1.833333333,1.833333333,1.333333333,2.166666667,1.833333333,2,1.5,1.666666667,1.166666667,2.5,2.166666667,2.333333333,1,1.166666667,1.833333333,2.333333333,1.333333333,1.833333333,2.666666667,1.666666667,1.666666667,1.833333333,1.5,1.666666667,1.666666667,1.5,2.166666667,1.166666667,1.333333333,2.333333333,1.5,1.833333333,2.166666667,3,0.833333333,2.166666667,1.166666667,2.5,2.333333333,1.833333333,1.833333333,1.666666667
2,2,1.6,2.6,2.8,2.8,0.8,2.2,2.2,1.6,2,2.8,2.2,1.6,1.4,2.2,2.6,2.8,1.2,2.2,2.4,2.6,2.6,2,1.8,1.8,1.2,2.2,1.8,1.6,2.2,2.6,2.2,1.6,1.8,1,1.2,1.8,3.2,2.8,1.2,1.8,2,1.4,2.2,1.2,2.8,1.8,1.8,2.4,2,2.4,1,2.4,1,2.2,2.2,2.4,2,1.6,1.4,2,1.4,2.6,1,2.6,2.4,2.6,2.4,2.4,1.2,0.8,1.4,2.2,1,1.6,2.6,2.6,2,1.2,2.4,2.4,1.8,2.2,2,2.4,2.8,2.4,1.4,2.2,1.8,2.6,0.6,2.4,1.6,2,2,2.6,2,2.4,1.6,2,2,2.6,2.4,1.2,2.6,0.8,1.8,1.6,2.2,1.4,1,1.4,1.6,1.8,2.2,2.4,1.2,2.2,2
1.571428571,4,2.857142857,3,3.714285714,3.285714286,2,0.857142857,2.428571429,3.285714286,2.428571429,3.142857143,4.142857143,2.142857143,2.285714286,4,1.714285714,3.142857143,3.285714286,2.142857143,2.857142857,3,3,1.571428571,2,1.285714286,1.571428571,3,3.714285714,3.571428571,2.571428571,2.714285714,2.142857143,2,4.571428571,1.142857143,2.571428571,3.571428571,3.285714286,3,1.857142857,1.571428571,2.714285714,2.714285714,1.428571429,2,3.571428571,3,3,1,2,1,3,2.714285714,1.285714286,1.142857143,1.857142857,3.428571429,4.428571429,2,2.857142857,0.428571429,2.285714286,1.428571429,1.428571429,2.714285714,2,1.428571429,3.142857143,2.571428571,4,2.857142857,1.142857143,0.714285714,1.571428571,2.285714286,2.714285714,3.285714286,2,1.857142857,4.428571429,0.714285714,2.714285714,2,3.571428571,2.428571429,2.571428571,1.571428571,1.857142857,2.285714286,1.857142857,2.285714286,2.428571429,2,1.428571429,1.857142857,4.714285714,2.571428571,2.714285714,3.571428571,2.714285714,1.857142857,2.142857143,2.571428571,3.142857143,3.571428571,2.428571429,3.285714286,1.285714286,3,2.285714286,4.285714286,4.571428571,2,3.142857143,1.142857143,2.428571429,3.285714286,3,3.571428571,2.571428571
3.4,4,3.6,3.6,1.8,5,3.6,2.8,2,3.6,3.4,3.4,4,2.4,3.2,3.8,3,2.6,4,2.4,3,3,2,2.8,1.6,0.6,3.8,2,3,3.8,4.6,3.4,2,4.2,4.6,2.2,3.4,4,1.2,3.8,2.6,1.8,3,3.8,1,3.2,3.8,3.4,1.4,0.2,2.8,1.6,3.6,2.2,4,0,1,4,0.2,2.2,3.8,3.8,0.8,1.6,2.6,2.4,2.6,2,4.2,4.6,3.6,2.8,3.8,0.4,4,2,3.8,3.6,4,2,1.4,3.2,3.6,2.8,5,2,3.2,1.2,2.8,2.6,1.2,4,4,2,1.2,1.2,4.8,1,2.8,2.6,2,3,3.4,3,2.8,2.2,3,4.6,4.6,2,2,4.2,4.8,3.8,1.6,2.2,2.2,4.4,1.8,4,1.4
3.75,3,3.25,3.75,3.75,4,2.5,0,0,2.75,1.75,2.75,3.75,1,2.5,3.5,2.75,3.5,2.25,2.5,3.25,3.5,1.75,1,3.5,2.25,0.75,1,1.25,3.5,2.25,3,2.5,3.75,4.25,0.5,1.75,4,2.5,3.75,1,2,2.5,2.75,0.5,1.25,4.25,3.75,2.75,0,2.75,1.25,3.25,1.25,4.25,1.25,1.25,3.25,0,1.75,3,0.25,1.25,3,1.5,1.5,2.5,3.25,1,1.5,3.75,2.75,2.25,0.5,2.5,1.25,2.75,3.25,2.5,2.5,4.75,0.5,3,2.5,4.25,3,2.5,1,2.25,1.5,3.5,1.5,3.25,2.25,1,1.75,4,2,2,3,1.25,2,2.25,1.75,3.25,3,3.5,2.25,2,2,1.75,0,2.75,2.25,1.5,2.75,0.5,2,3,4,2.25
3,4,3,2.333333333,2,2.333333333,2.666666667,0,1.666666667,3,1.333333333,3,3.333333333,3.333333333,2.333333333,3,1.333333333,0.666666667,4,1.666666667,4,5,0.666666667,0.333333333,0.666666667,2.333333333,0,1.333333333,1.666666667,3.333333333,3,1.666666667,0.666666667,4,4.333333333,1.333333333,2.666666667,3.333333333,2.333333333,3.666666667,1,1,3.666666667,3.666666667,0.333333333,2,2.333333333,3,1,0,1.666666667,1.666666667,4.333333333,2.333333333,2,1,0.666666667,3.666666667,0,1,3,3.333333333,0.666666667,1.333333333,2.333333333,1.666666667,1.333333333,0.666666667,2,4.333333333,2,0.666666667,2,1.666666667,4,1.333333333,2.333333333,4,3,0.666666667,1.666666667,4.333333333,3,1.333333333,4,2,0.666666667,1,2.666666667,1.666666667,1.666666667,2,2.666666667,1.333333333,1.333333333,0.333333333,4.666666667,0.333333333,0,2,1.333333333,2.333333333,1.333333333,3,2.666666667,1.666666667,3,1.333333333,2.333333333,1.333333333,2,3.333333333,3.666666667,2,3,1.333333333,0,5,2.333333333,4,3
4.666666667,4.666666667,2,5,4.333333333,5,1.666666667,2,5,4.666666667,4,5,4,3,4,2.666666667,4.666666667,3,4,4,4.333333333,4,3.666666667,4,3.333333333,2.666666667,4.666666667,5,5,3,4.666666667,4.666666667,3,4,4.666666667,4.666666667,4,4,5,5,2.333333333,2.666666667,4,3.666666667,4.333333333,2.666666667,3.666666667,4,3.666666667,3.333333333,4.666666667,2.666666667,5,3.333333333,3.333333333,3.333333333,3.666666667,5,5,2.666666667,4.333333333,2.666666667,5,1.333333333,4,3,3.666666667,3,3.666666667,5,4,3.333333333,2,1.333333333,1,4.333333333,2.666666667,4,2.666666667,2.333333333,5,4.666666667,2.666666667,2,4.333333333,4.666666667,4,3,4,5,4.333333333,4,2.666666667,3,1,3.333333333,5,5,3.666666667,4.666666667,4.333333333,5,1.666666667,4,3.333333333,3.666666667,5,4,2.666666667,2.666666667,3,3.666666667,5,5,4,1,3.666666667,5,3,5,3.666666667
12,7,21,10,11,7,21,9,9,7,11,7,10,19,27,13,15,8,5,28,7,9,3,11,12,11,18,7,12,11,9,7,12,25,8,1,20,10,8,9,23,16,6,13,8,30,14,8,14,8,8,8,5,12,10,9,11,18,2,11,14,25,4,23,24,15,10,12,23,2,9,19,23,12,8,4,12,7,26,12,14,19,11,18,19,23,8,12,8,4,7,28,22,16,14,14,9,6,16,2,23,11,19,9,12,11,27,12,41,17,20,11,5,12,22,17,20,5,32,10,26
6.75,6.75,7,7,6.75,7,7,4.75,7,7,6,7,1,7,6.25,6,6.5,7,7,5.5,7,6.75,7,6.75,6.5,6.5,7,2.75,3.25,1,6.5,6.25,5.25,5,6.75,6.5,6.75,7,7,7,5.75,4.5,7,6.75,7,4.75,5.5,6.25,6.25,7,7,1,7,6.25,7,5.75,6,7,7,1.5,6,7,7,1,7,7,6,3.5,6,7,7,7,6.75,7,7,7,7,7,7,6.5,7,7,6,6,7,5.5,7,3.75,6.75,7,6,5,7,7,7,6.25,7,7,6.75,5.75,7,7,7,5.25,7,7,7,7,7,6.5,6.25,7,7,7,5.75,4,3.25,1,3,4.75,5.25
6.75,5.75,6,7,5.75,7,5.75,7,6.25,7,3.5,7,3.25,7,1.75,6.5,6.25,5.5,7,1.75,6.25,4.5,7,6.5,5.75,6,6.75,4,3,4.5,2,5.75,5.5,4.25,2.75,6.5,7,6.25,7,7,3,5.75,6.75,4.5,5.5,3.75,5.5,6,7,3,6.25,2,7,6.75,5.25,4.25,6.5,7,7,3,6.25,7,7,2,5.25,4.5,6.75,5,4,6.75,6.75,5.75,7,5,5.5,7,6.5,7,7,6.5,6.75,5.75,5,6,6,6.5,7,5.75,3.25,6.75,6,3.75,5.75,5.5,4.25,4,4.25,6.25,6.75,6.75,6,7,5,5.5,6.5,6.5,6.25,7,7,6.5,3.75,7,7,6.75,3.25,4.5,5.5,6,5,7,5.5
6.5,6.5,5.25,7,6.5,7,7,6.25,7,7,4.5,7,5.5,7,6,7,6.5,6.25,7,6,7,6.75,7,7,5.5,6.5,6.5,2.5,5,4.25,6.5,5.75,5.25,5,4.25,6.75,6.75,6.75,7,7,4.5,5,7,7,6.75,4.75,4.75,6.5,5.75,5.75,5.75,4.25,7,6.5,6.25,3.5,6,7,7,4.75,6.5,7,2,3.75,7,5.25,6.5,2.75,6.25,7,7,5.5,5.5,7,7,6.5,6.75,7,5,6.5,7,4.75,4.5,5.25,6.75,6.75,7,5.25,3.75,7,6,5.75,6.25,3.75,5.75,6,6.5,4.25,5.75,6.75,4.75,7,6,7,7,7,3.25,7,7,5.5,3.75,7,7,7,5.75,5.5,4.25,5.25,3.5,7,7
6.666666667,6.333333333,6.083333333,7,6.333333333,7,6.583333333,6,6.75,7,4.666666667,7,3.25,7,4.666666667,6.5,6.416666667,6.25,7,4.416666667,6.75,6,7,6.75,5.916666667,6.333333333,6.75,3.083333333,3.75,3.25,5,5.916666667,5.333333333,4.75,4.583333333,6.583333333,6.833333333,6.666666667,7,7,4.416666667,5.083333333,6.916666667,6.083333333,6.416666667,4.416666667,5.25,6.25,6.333333333,5.25,6.333333333,2.416666667,7,6.5,6.166666667,4.5,6.166666667,7,7,3.083333333,6.25,7,5.333333333,2.25,6.416666667,5.583333333,6.416666667,3.75,5.416666667,6.916666667,6.916666667,6.083333333,6.416666667,6.333333333,6.5,6.833333333,6.75,7,6.333333333,6.5,6.916666667,5.833333333,5.166666667,5.75,6.583333333,6.25,7,4.916666667,4.583333333,6.916666667,6,4.833333333,6.333333333,5.416666667,5.666666667,5.416666667,5.916666667,5.833333333,6.416666667,6.416666667,5.916666667,7,6,5.916666667,6.833333333,6.833333333,5.5,7,7,6.166666667,4.583333333,7,7,6.916666667,4.916666667,4.666666667,4.333333333,4.083333333,3.833333333,6.25,5.916666667
3,5,5,1,1,8,8,0,2,2,15,3,20,5,19,3,0,0,1,14,1,4,0,0,0,4,2,1,7,1,5,6,7,7,1,1,0,6,0,1,3,11,0,29,1,6,2,0,3,0,0,0,0,5,1,11,10,7,0,1,4,6,0,22,10,4,1,12,19,0,4,6,2,3,6,0,1,0,2,7,1,1,5,0,1,1,0,3,1,2,4,5,4,0,3,18,2,0,5,3,6,1,1,17,4,2,0,13,10,5,15,0,0,7,7,6,3,1,7,1,2
0,3,1,0,0,0,0,0,0,0,2,0,3,3,8,1,0,1,5,2,0,0,0,0,0,0,0,0,0,0,28,5,1,2,1,0,0,0,0,0,3,4,0,0,0,4,5,0,1,0,1,0,0,0,0,0,0,0,0,0,0,0,0,14,0,0,0,3,0,0,0,3,0,2,0,0,0,0,0,2,0,0,3,0,0,6,0,0,0,0,1,0,2,0,1,2,0,0,4,0,6,1,1,0,0,0,0,1,0,0,1,0,0,1,2,0,0,0,2,0,0
11,11,3,5,8,11,9,10,8,9,9,11,9,2,4,7,7,7,11,4,11,7,11,8,11,8,7,11,8,9,8,8,5,3,8,8,9,8,9,10,4,7,11,3,8,1,6,11,7,11,5,9,10,5,7,4,9,2,11,7,7,8,10,1,5,10,3,5,6,7,8,3,2,6,4,10,9,11,4,3,8,3,11,10,10,7,9,8,8,11,8,8,6,8,5,3,10,10,5,10,4,8,1,8,11,10,4,7,4,10,8,9,11,9,3,5,7,8,1,10,5
3,5,3,16,3,2,1,0,2,0,0,4,15,6,0,5,4,5,1,1,9,4,2,3,0,0,5,0,3,2,6,4,3,1,2,2,1,5,0,1,4,3,2,4,0,0,0,1,6,0,0,1,1,2,1,4,1,6,0,8,2,4,0,4,0,6,1,0,2,4,2,1,0,0,9,0,4,6,0,1,0,2,5,0,2,8,0,0,0,3,3,4,11,0,2,1,1,1,6,1,1,0,1,7,0,5,21,9,3,1,7,6,0,4,0,1,0,5,3,5,0
21,0,7,4,8,-10,6,1,13,7,16,17,6,12,12,4,0,14,12,20,6,16,22,6,15,18,7,20,15,16,-1,9,13,11,22,5,11,3,2,2,4,15,13,-5,13,17,13,10,6,17,5,22,9,3,-1,16,10,13,8,24,10,5,2,28,17,23,28,12,11,-1,3,6,19,12,1,7,7,8,20,7,20,-3,4,16,21,10,12,8,18,13,10,22,19,12,14,5,4,8,19,8,21,32,14,9,11,16,6,2,18,6,23,-1,8,6,4,21,23,9,13,10,8
4.8,4.266666667,3.866666667,4.2,4.2,4,3.466666667,4.866666667,4,4,3.2,4.8,4.466666667,1.8,3.466666667,3.4,4.6,3.733333333,5.4,3.333333333,4.533333333,3.933333333,4.733333333,3.733333333,4.2,3.333333333,2.8,4.666666667,4,4.466666667,4.533333333,4.066666667,3.466666667,2.266666667,4.2,4.066666667,4.333333333,4.4,5.066666667,4,2.066666667,4.066666667,4.733333333,3.866666667,4.466666667,3.333333333,3.266666667,4.533333333,3.533333333,2.866666667,3.933333333,4.933333333,4.8,4.133333333,3,4.533333333,4.6,3.666666667,5.8,4.066666667,3.533333333,2.133333333,5.2,3.333333333,3.733333333,3.8,4.266666667,3.4,4,4.2,4.6,3.8,2.266666667,4.733333333,3.466666667,3.733333333,3.866666667,5,3.066666667,3.466666667,4.866666667,3.933333333,4.6,2.933333333,4.066666667,4.2,5.266666667,3.733333333,4.133333333,4.6,4.266666667,4.133333333,3.6,4,3.133333333,3.466666667,4.2,4.733333333,3.866666667,3.8,4,3.133333333,3.533333333,3.066666667,3.466666667,4.066666667,2.533333333,3.666666667,2.933333333,4,3.8,3.866666667,5.6,3.266666667,4.666666667,2.866666667,4,4.666666667,2.266666667,3.933333333,3.133333333
60,72,68,80,44,96,40,76,72,80,48,80,76,48,28,76,64,68,76,48,84,44,76,68,60,56,40,56,60,44,88,44,72,48,68,88,60,80,96,76,52,44,68,88,60,28,36,76,44,64,64,84,92,64,80,64,60,48,92,72,72,84,76,20,36,52,76,56,36,84,76,60,40,60,76,76,80,80,44,60,44,52,48,32,40,48,60,64,68,76,72,40,48,68,48,48,84,72,64,60,48,72,40,72,64,56,40,72,0,40,44,72,88,72,36,52,44,80,36,60,44
2,2,5,4,9,3,4,8,3,6,5,8,6,8,5,6,4,9,4,6,6,6,6,4,5,3,6,7,6,8,5,9,9,5,6,8,4,7,8,4,5,6,5,5,8,9,9,8,5,4,5,5,5,6,5,5,7,4,5,5,4,3,3,6,5,7,7,9,3,4,8,7,7,6,5,5,5,8,6,7,6,7,6,7,5,5,6,8,6,4,7,7,9,3,7,5,6,6,4,6,6,9,9,6,2,2,3,8,2,8,8,5,6,7,6,5,8,5,10,6,5
5.25,7.4,7.7,7.95,10.75,4,8.5,4,4,7,9.95,4,4,9.55,7.05,7.5,4,6.55,8,8.75,8.75,9.05,7.2,5.6,5.25,11,14.55,7.15,6.7,11.15,5,6.5,5.95,6.35,4,7.1,17.25,10.6,4,5.1,7.25,6.7,17.85,7.25,5.4,7.25,9.75,6.5,8.5,4,11.75,5.5,6,10,6.5,4.55,6.5,9.25,5.15,6.5,9,13.85,12.55,6.95,12.15,9.2,7.5,6.75,9,6.05,8.45,7.25,10.5,4,7.65,6.8,6.35,4,4,9.1,5.75,4,10.2,18.5,6.4,7.75,8.3,4.25,4,5.25,6,6.4,10,7.15,8.5,7,6,6.3,4.45,4,4.5,5.4,5.5,4,10.5,7.5,9,8.7,17.5,8.5,6.75,7.5,8,6.75,6.9,8.8,4,10.5,11.25,6.7,9.85
9,10,9,10,8,8,8,8,9,10,8,9,8,6,4,8,10,9,8,9,9,7,8,9,8,9,8,7,10,9,10,9,8,6,8,10,7,8,9,8,6,8,7,10,8,6,8,8,7,9,10,9,10,8,10,8,9,9,10,8,9,10,9,4,8,8,8,8,6,10,10,7,8,8,7,10,8,9,8,9,9,8,7,7,8,9,6,9,10,10,9,8,6,8,7,8,10,9,8,9,8,9,5,10,10,8,9,9,3,8,7,9,10,10,8,7,8,9,5,9,9
28,33,26,29,24,27,23,28,26,30,23,30,27,28,19,26,33,28,30,26,29,25,30,27,24,31,24,29,27,28,26.391666666666666,27,25,21,26,30,21,27,32,28,28,25,26,32,27,22,24,33,27,26,26,29,32,28,28,26,30,22,32,24,31,31,29,18,24,24,28,24,25,29,28,25,23,26,26,32,26,28,26,28,28,25,25,24,23,25,26,26,30,30,30,22,26,26,25,27,31,29,24,28,22,27,14,27,27,27,25,30,17,26,18,27,30,24,22,25,24,30,15,24,23
22,26,22,26,23,29,17,19,25,26,19,24,21,14,15,18,25,21,22,20,26,21,24,23,23,18,21,21,25,19,24,23,19,17,24,25,23,23,27,25,15,18,24,21,22,11,18,22,19,25,24,19,28,21,21,17,23,21,29,18,26,25,25,13,19,20,19,15,17,27,22,21,16,21,22,25,21,22,18,19,20,22,15,18,23,23,22,23,26,28,25,19,15,23,18,19,26,24,22,24,19,25,19,23,20,18,22,24,5,19,13,23,27,24,15,16,13,27,12,23,14
12,14,12,14,11,15,10,14,13,13,11,10,9,14,6,12,10,7,13,8,14,8,15,14,11,10,11,7,10,7,13,10,12,7,12,12,12,12,13,10,6,10,12,12,14,7,9,12,10,15,11,6,15,10,11,12,10,12,14,10,12,14,13,7,14,9,12,10,12,15,11,13,10,12,14,12,12,14,7,11,13,11,13,11,13,12,13,12,11,15,11,12,10,9,9,11,13,11,8,12,14,12,12,13,14,13,10,11,7,10,11,13,14,13,7,9,6,9,3,12,12
31,32,33,34,33,34,31,30,36,32,30,34,26,27,31,30,34,32,35,28,34,29,33,34,32,33,31,29,33,27,32,33,31,29,35,36,33,30,35,31,22,33,29,35,31,27,34,35,29,29,29,31,35,29,29,34,31,32,33,31,34,36,32,24,33,29,30,34,31,32,31,31,32,33,27,31,29,32,29,26,31,24,23,27,25,34,28,31,30,36,34,26,24,36,29,25,35,28,33,34,33,31,24,32,37,32,27,33,30,26,29,30,34,29,34,32,32,30,23,33,30
102,115,102,113,99,113,89,99,109,111,91,107,91,89,75,94,112,97,108,91,112,90,110,107,98,101,95,93,105,90,97.8,102,95,80,105,113,96,100,116,102,77,94,98,110,102,73,93,110,92,104,100,94,120,96,99,97,103,96,118,91,112,116,108,66,98,90,97,91,91,113,102,97,89,100,96,110,96,105,88,93,101,90,83,87,92,103,95,101,107,119,109,87,81,102,88,90,115,101,95,107,96,104,74,105,108,98,93,107,62,89,78,102,115,100,86,89,83,105,58,101,88
4,4,14,9,4,5,13,1,3,5,4,3,6,4,15,6,5,4,7,9,6,7,3,6,5,7,6,4,3,3,5,4,3,15,6,0,6,9,1,2,13,5,7,4,3,7,8,2,7,2,7,2,5,13,3,3,1,10,1,2,5,12,11,10,6,6,4,7,17,2,6,19,5,11,7,0,8,4,8,5,2,10,7,8,16,5,8,7,4,3,6,6,3,9,10,6,3,1,7,1,7,8,11,5,2,6,9,12,19,5,11,12,0,8,7,8,8,4,9,7,9
59,69,53,61,46,69,49,60,63,56,42,56,49,44,42,56,61,54,55,45,62,51,57,53,56,48,47,46,56,42,64,45,55,40,57,66,55,57,63,60,44,41,56,62,58,34,37,56,46,57,49,48,70,52,59,50,53,45,65,45,47,56,62,32,41,49,53,41,44,68,59,49,38,52,56,54,54,56,41,51,49,47,41,46,55,52,60,58,58,58,58,43,48,58,49,43,59,57,58,47,48,64,49,50,55,47,47,57,18,43,31,55,62,60,38,46,34,66,31,53,33
34.5,29.5,47.5,59.5,28.5,73.5,68,32,39,56,46.5,66.5,44,48.5,51.5,46,54.5,55,56,52.5,46,56,35,46,64,34.5,52,34.5,56,57.5,42.5,56.5,34,42,26,64,41.5,28,51,76.5,21.5,42.5,41,73,35.5,60.5,67,58.5,46,42.5,52.5,57.5,38.5,50,57.5,52,49,61,61.5,50,36,48.5,48,21,61,65.5,63.5,36.5,66.5,74,46.5,39.5,53,93,79.5,54.5,45.5,33,40.5,36,52,44.5,24,47.5,54,43.5,65,81.5,33,43.5,60.5,47,47.5,58.5,33.5,39.5,49.5,46.5,33.5,64,54,54.5,61.5,31,44,54.5,73,50.5,43.5,44.5,63.5,45,62,48,52.5,54,38,27,38,39.5,43.5
36,26.5,35.5,31,24.5,64,37,33.5,28.5,41.5,38.5,45,35.5,44,40.5,32.5,44,45.5,31.5,41.5,32.5,49.5,21.5,42,64,26,34.5,41.5,48,46,40,36,27.5,47,21.5,50,28,32,36.5,29.5,17.5,30.5,40,64.5,19,37.5,55.5,50,54.5,45,36,57,33,31.5,52,25,25,41.5,29.5,43,29,46,41,18,44.5,51.5,39.5,32.5,56.5,76.5,39,29.5,38.5,92.5,42.5,38,40,26,34,42.5,35,43,28.5,43.5,52.5,31,29,59.5,27,42.5,35.5,31,41.5,56,33,35.5,43,43,27.5,48,38,28.5,47,25.5,28,44.5,38,54,25,36,23,30.5,44,40.5,39.5,58,36,23,29.5,40,37.5
5.5,4,8,4.5,8.5,10,6.5,18,3,7.5,4.5,6.5,4.5,9,4.5,5.5,5.5,8.5,8.5,3.5,7,4,5.5,8,6.5,9.5,7.5,16.5,3,3.5,8,6,5.5,7.5,2.5,7,4.5,5.5,5,4,7,7,5.5,6.5,7.5,4.5,3.5,15.5,13.5,8.5,7,14.5,5.5,3,6,2,2.5,1.5,2,5,2.5,11,5.5,7.5,7,4.5,4.5,4.5,4.5,17,4,2.5,5.5,3.5,2.5,6,6.5,4.5,3,7.5,2,5.5,6,9.5,12,3.5,10.5,4,4.5,7,4.5,3.5,5,7,2,10,2.5,5,14.5,3.5,2.5,7,2,4.5,3,4,2,15,3.5,3,0.5,8.5,3,6.5,4,4.5,8,4.5,14.5,5.5,4.5
3,6.5,5,2.5,8,8.5,2.5,13,2,10,4.5,8.5,4.5,11,5.5,7,11,2.5,10.5,4.5,9,2.5,7,8.5,4.5,6,6.5,12,2,4.5,13.5,4,4.5,9,4.5,3.5,2,6.5,5,5,8,3,5.5,6.5,8,5,6.5,7.5,9,7,10,14,3,2,8.5,3.5,6.5,3,2.5,5.5,6,11,9,5.5,4.5,5.5,4.5,3.5,5,15,3,1.5,7,3.5,1,6.5,7.5,4.5,5,9,5.5,6,5.5,6.5,10.5,3,6,3.5,5,6,5.5,5.5,4.5,6.5,4,7,3,2.5,17,6,2,3,1.5,7,5.5,5.5,2,12,3.5,4,6,6,3.5,7.5,3,6,9.5,4.5,17,5.5,3.5
58.5,62.5,44.5,32,55.5,12,24.5,22.5,57,31.5,45,24.5,50.5,35.5,42.5,45.5,37,36,31.5,42,43.5,37.5,56,39,29.5,50,39,22.5,38,36,44,35,58,44.5,69,26,52,62,39.5,17,67,49.5,48,20,55,32,29.5,23.5,31.5,42.5,35,25,54.5,46.5,34,44,48,37,36,44,60.5,32,44,67.5,31,26.5,26.5,56,27,5.5,49,54.5,39,2,16.5,38,44,56.5,54,45,46,45.5,65.5,33,25,51.5,21.5,14,60,47,32.5,49,45.5,31.5,62,46.5,45.5,45.5,29.5,29,41,36.5,36,63,52,38.5,24.5,18,49.5,50,34,43.5,33,43,42,38.5,47.5,67,33.5,51,47.5
58,64.5,54.5,59.5,63,24,57.5,31,67.5,42.5,50.5,39,57,33,53.5,59,36.5,51,51.5,47,49.5,46,67,40.5,29.5,56.5,55,24.5,46.5,47,38,55,66,37.5,73.5,41,65,47.5,54.5,61.5,65,62.5,49,25.5,68,53.5,36.5,39,24,41.5,47,24.5,60.5,65.5,38.5,66.5,66,52.5,65.5,50.5,62.5,34.5,45.5,69.5,47.5,41.5,46.5,62,33,5,56,66,51.5,2.5,53.5,53.5,47,63,60,36,59,48,61,39,26.5,64,60.5,36.5,64,49.5,56,63,51.5,31.5,60,55,51.5,49,32.5,42.5,56.5,67,49,65.5,64,49,55.5,19,65.5,58.5,68,60.5,51,50.5,56,30,48,70.5,32,48,52.5
1.5,4,0,4,7.5,4.5,1,27.5,1,5,4,2.5,1,7,1.5,3,3,0.5,4,2,3.5,2.5,3.5,7,0,6,1.5,26.5,3,3,5.5,2.5,2.5,6,2.5,3,2,4.5,4.5,2.5,4.5,1,5.5,0.5,2,3,0,2.5,9,6.5,5.5,3,1.5,0.5,2.5,2,0.5,0.5,0.5,1,1,8.5,2.5,4,1,3.5,5.5,3,2,3.5,0.5,3.5,2.5,1.5,1.5,1.5,4,6,2.5,11.5,0,4.5,4.5,10,9,1.5,3,0.5,2.5,2.5,2.5,0.5,2,3,2.5,4,2.5,3,22.5,3.5,2.5,2,0.5,1.5,1,3,0.5,16.5,3.5,2.5,2,3,2,2.5,1.5,3,6.5,1.5,14,4,4.5
3,2.5,5,7,4.5,3.5,3,22.5,2,6,6.5,7.5,3,12,0.5,1.5,8.5,1,6.5,7,9,2,4.5,9,2,11.5,4,22,3.5,2.5,8.5,5,2,6.5,0.5,5.5,5,14,4,4,9.5,4,5.5,3.5,5,4,1.5,3.5,12.5,6.5,7,4.5,3.5,1,1,5,2.5,3,2.5,1,2.5,8.5,4.5,7,3.5,1.5,9.5,2,5.5,3.5,2,3,3,1.5,3,2,5.5,6.5,1,12.5,0.5,3,5,11,10.5,2,4.5,0.5,4,2,3,0.5,2.5,6,3,2.5,2.5,5.5,23,3.5,3.5,1.5,2.5,2,2.5,1,4.5,15,6,1.5,3,3,1.5,1.5,1.5,6,6.5,2,21.5,6.5,6.5
0.0418012335804956,0.091924474749903,1.80333230917188e-8,0.0582131341847987,0.249868141682951,0.0682974196803817,1.21940759839762e-8,0.499913290606236,0.0431832777934196,0.134572070737279,0.0804768805264649,0.0787245667540767,0.0399532307157552,0.258919789068393,0.0408174967760804,0.0566037392071224,0.087401121629833,1.16171594519367e-8,0.154909370862194,0.0486145430441721,0.082879984584018,0.0317316610145865,0.112877731672476,0.234945249242456,1.3274811115716e-8,0.0941136962804873,0.0613947441923727,0.499999030314526,0.0453284991932376,0.0477863665769998,0.249785839773956,0.0519434356270418,0.0809209938619077,0.208992515783942,0.0484909674001939,0.0731008207614219,0.0533160087832595,0.202683852179957,0.111504126486935,0.0167131769752186,0.135638811441243,0.0246139250666202,0.176505565366094,0.00465856704312399,0.0433167736353005,0.0525841279697112,1.08366012719976e-8,0.0352619718160462,0.183724155464793,0.218776839479277,0.162059450973564,0.0435485654237519,0.0659732587841858,0.0117018553838118,0.050691637573893,0.0365176304530015,0.00835994204546609,0.0108101851083716,1.12315027166064e-8,0.0215306729505896,0.0308731555442993,0.134380933510552,0.0537646351770242,0.107815853244921,0.0154092256556443,0.0301246042121855,0.092910749506715,0.12079761276128,1.39813877745384e-8,0.119802244369444,1.88344533538105e-8,0.101909650230894,0.0790445802292268,0.00871275064038391,0.00267576549048119,0.0277114690998653,0.0723366577703681,0.185614303327596,0.0369798793942296,0.26517663405688,1.01940159437233e-8,0.104846443771961,0.167557781900806,0.384373864485914,0.367164100049095,0.0406560175847932,0.0548997682423356,0.00930546692498665,0.0634323980482973,0.0966240564063049,0.0673062988689562,0.0144588441819727,0.0631466423067158,0.0742786186219659,0.0575361775462294,0.114667522590067,0.062443868544462,0.0741716801836713,0.499999890422892,0.0466356309040682,0.0572435396420999,0.0812025631179881,1.48547468646212e-8,0.0455591985529474,0.0466323100484902,0.0448933805993398,1.09928048373876e-8,0.499999996584448,0.107708897290318,0.0412891342829848,0.0212583095362735,0.101120190163256,0.0627158387447354,0.0990747762716121,0.0310331631690464,0.0626231248066211,0.266146143966415,0.0875465412530816,0.499999475325687,0.123077435957457,0.119946427224176
0.0678318419641661,0.107175066024544,0.144913360015116,0.145164508663017,0.230629095869118,0.110838097538993,0.0846514465035415,0.346030646685371,0.045965581240921,0.282554439680423,0.117956863833621,0.262208719907982,0.0764702456563428,0.434771938663759,0.0300014761289408,0.0741780105413611,0.24518017093918,0.0182772245834763,0.306231884697682,0.223405679091096,0.228545335271165,0.0416262715243667,0.0797055229348815,0.245506411194025,0.013649999075743,0.286910723332204,0.0936236477504456,0.49999999316717,0.0711499685010377,0.0464572730421706,0.410509769025859,0.116701433323777,0.0388757245159516,0.220691679729397,0.0190530500774246,0.132060236489853,0.0988221858320896,0.499999997752142,0.106978026908827,0.142514862035032,0.231936722604873,0.107462722085866,0.146855013729004,0.1127106135627,0.0636162238791873,0.0968966453349622,0.00647370089458597,0.0657488532131274,0.375477981246396,0.17344744221521,0.239415105075446,0.103454479155358,0.0975012574676826,0.0203415549593495,0.0458140410126221,0.125293347691146,0.0292008514255561,0.0957438391460097,0.0645970793669162,0.0200256568365184,0.128000968584419,0.138364025811999,0.13495617046247,0.143603681880507,0.079064173571942,0.0474659171965347,0.200932236750941,0.0646742701670732,0.137414349662464,0.134414839535853,0.0408423127248797,0.0846396550109788,0.116645948642664,0.0213968663571275,0.0789796225302131,0.0494238233484598,0.104317242811248,0.156595189928455,0.036770742197924,0.471808437499542,0.0192700670417825,0.0820628241958723,0.185638969110827,0.35520373171859,0.303263530637313,0.0761962679936665,0.209164828731589,0.0152361943419562,0.106505966199751,0.0879004927996535,0.107127622020417,0.0162919125160087,0.0816924034754867,0.148851397734181,0.0889498933633939,0.100751097101635,0.0818177259562629,0.124803269482038,0.499999971739055,0.0800818874850562,0.0856432216802672,0.0384589454809364,0.0462395790272052,0.0920238196756155,0.068975252330704,0.0582651180303509,0.0915161221373687,0.499999992504849,0.115985993630708,0.0737285493064414,0.0952764558940708,0.119888870528527,0.0406318265218221,0.073416475798115,0.0462480668613345,0.134342051516827,0.208616325261021,0.0773834919446281,0.499998796777145,0.168485524815607,0.195749359469762
3.71883825727554,3.25322847230278,2.92819585760847,2.25225203147301e-5,2.37794095426314,0.95899018734141,1.68334884421304,1.35603229331841e-7,3.34922067937577,3.36156788875478,0.96991607798614,1.57836278963982,1.90393725734075,1.24765985202544,2.22628028205425,2.84194130869376,2.03060088032154,1.60828186220657,2.96961756493595,1.87932935592249,3.02797803661475,1.04581334663395,2.1219608106566,1.70804359301486,0.378530271180374,0.588969255991061,0.518421393501933,1.42100018733617e-9,1.63731303006263,1.58175406727431,4.99999689489213,1.0381895361974,2.44065031801294,2.69020517313546,4.99999914057308,2.30385385864884,1.9136321552472,4.27983742440775,2.18750796288288,0.754094112069349,4.99998129944403,2.16295956031759,3.0146361430026,2.37133989073336,0.636934309227691,1.16157152175836,2.72851297665609e-8,2.18502817078332,0.224646299399413,1.60112503168499,2.02359202015764,0.963269282539329,3.41183486568345,2.04256628138932,1.72766076334716,1.07024495143233,2.88554326985228e-7,2.91105681981787,1.16438860191338,1.89384895656877,4.99999949302998,0.0596088569634735,1.74331702200278,3.84644873999908,2.04333362646289,0.875173293865259,0.25589941693185,3.33628435748494,0.845259701439182,4.84361673327671e-7,2.5314136739079,3.42037138107207,1.62083912552324,1.9141732076881e-8,0.737237455132257,2.54183942141958,1.18449627345366,3.02356738662049,1.38357014232122,0.408163210898483,1.27679588981607,2.01273025970774,4.99999972827271,2.42285704747323,0.62745841883656,2.75253149118774,0.723903001631954,2.14277088966808,4.86540666108908,3.1140311252745,2.41854682182013,1.35016941231264,2.51975367808454,3.2977170717425,4.99999918845277,2.78236565312772,3.28147392444455,2.64311853177745,0.00382301836319265,1.84360436027598,1.86660070951984,1.90878635982989,0.664585807995648,4.6161218038951,0.840177129183674,1.86326515394066,1.68518124220072,1.07519983810002e-7,2.72076035420059,2.94392352888439,0.468659405356087,3.2657134698068,1.66663305685691,4.55986936433353,0.980839506110448,2.18571380037472,3.49730254584775,4.30439114281953,0.375703759698485,4.08725097725919,1.92073592452479
4.47303618428058,3.9615837541678,4.81171639402425,3.24050781264552,3.64127488816668,1.94393711445613,4.99999991553655,0.00454134413542707,4.99999992738923,4.05216300887744,1.41908690855939,3.13660287699957,2.78871324459255,0.942222080168254,3.71373632831477,4.39129189809506,1.80525239954436,3.14575482049742,4.99999977385214,2.78558211384267,3.9341000625578,1.60200026646261,2.56317829347107,2.19730042929559,0.363106179874929,2.48066666330555,1.76725309560436,1.98615263304295e-6,2.5798703087421,2.39690759884604,3.22944379166978,2.64792606554046,3.26878001394315,2.37571247872722,4.99999963128437,3.83499489216124,3.79651906865141,4.9999999473467,3.13153888064482,4.99999908903818,4.17990748441001,4.99999993837747,2.68223358949544,2.85088024366678,0.527980671437043,3.21152836947306,0.311138065251818,3.85323270412386,1.85422199628602e-6,1.59759380823906,3.10127414904908,0.943932051540861,4.99999106836688,3.59573606556816,1.85310905555959,4.99999319198406,1.47360587126678,4.97586103787502,4.99999984218668,2.20932223764177,3.47150279537213,0.14563559872075801,2.01934066707821,4.99999948641895,3.32730038586809,1.76953266571729,1.79174988981962,4.99999994177574,1.5132048857845,0.233775258689251,3.07477812844198,4.99999985791597,3.34063271919519,2.44072188075183e-8,4.46483544417204,3.8024333862036,1.35870514723869,3.5441775166579,2.06098080770097,0.912841576931566,2.48671591061119,3.33511843360567,4.99999865004073,3.49413424847787,0.419079374785652,4.99999937971434,4.99999973471354,4.05979543904102,4.82113290696347,4.6214096760667696,4.12669441438787,2.9245435041129,3.09781138011063,3.60178438945394,3.69845281467714,4.46940070854079,4.03444549018228,3.04407946513681,0.022480339120001,2.4963240760956,3.54850570700669,4.99999956710499,1.71200863565278,4.99999876011097,2.42911867138465,2.72837561672415,4.41069490092413,1.2647546540502e-7,4.47821087184843,4.47970060408888,4.2495612148394,4.99999968158136,3.32449828494455,4.99999983869155,2.47659173861259,1.66792771616976,2.79617256841331,4.99999996892464,0.0401132897011521,3.57145651678777,2.9452362908781
1.39470173097512,0.844371108650792,1.07917985178849,1.04486839880974,0.81462929787484,0.874002211952615,1.01783000150164,0.0300153665153474,1.4651973927875,1.27606803239871,1.09859925792194,1.39489352519878,1.5309066174998,2.25615948045123,2.52317878501518,1.36325807042874,1.28587753301081,0.738011578738135,1.18326603730176,1.93097584416513,1.24964931469764,0.873875726540373,1.05835005120328,1.11375106669438,0.985190786979809,0.396986926807998,1.1767894662667,0.0100000187563222,0.887233631431521,1.05423848802988,4.72161167600456,1.32486099372575,1.27691530151994,1.18410982018844,4.27427834922712,1.10477602550683,0.944295741428746,1.23661417164794,1.21548861191743,1.27280062077875,1.21376614639171,0.999001661077288,1.52784659048646,1.6256801967259,0.911278884429562,1.13676718399361,1.05316610492164,0.730340080040918,0.38533805045423,0.816537371987337,1.16288989227316,0.629263827307015,1.12708993778991,1.04092775629597,1.18366020026139,0.939378413844274,1.34503721248808,1.3121405529510899,1.42806750347867,1.17207900094499,2.9470297257511,0.45118579948491,0.858282634543713,0.782747141169674,1.10888062220195,0.821816884533626,0.866128271505503,0.906015985544136,0.94570816784624,0.946129309315378,1.34727632181731,1.38164261170543,1.25297303423028,2.2342737267865602,1.59935792989459,1.09736397895637,0.857961932311003,1.04283714661894,1.03853710428251,0.287012998402169,1.06722647486779,0.761991223572849,1.00611483736867,1.36866595507846,0.913442577325252,1.27867927588102,1.01630678697621,1.4700568198691,1.60486673463683,1.61687160057556,1.48250797120927,0.948858139271136,1.36096470994069,1.20435032817302,3.6610468102842,0.819613559805196,1.11157925698353,1.54439396561746,0.0100000018237908,1.13248655001844,0.999984515095428,1.38464746542533,1.0631795822776,1.53909368881034,1.84223065994495,1.46299625802607,1.24286069777137,0.923709023555515,1.56234644982759,1.13664610055401,0.966405366963995,1.32518645959113,1.35561402044443,1.88320819604203,1.2889249712969,1.33857886445982,1.20619757881269,1.25731140202866,0.327070344626538,1.58101491129751,1.26214778141623
2.03001974224271,0.947899451405154,1.71953221009911,1.85076097135366,0.760312678679992,1.03642995887936,1.79396218083619,0.0100047734964098,1.5939354272668,1.02047541911809,1.07626475106606,1.57610728365441,1.5932446155402,0.927580532029905,2.94541139247107,1.45760085314526,0.885334574854014,1.12486624111886,1.17363240597183,1.82324883674925,1.20547330559568,0.916592535571428,0.709510803631006,1.2443250717836,1.00215526078901,0.918540607661265,1.16586808015224,5.99999917355747,1.21523301780483,1.10550908883235,1.58182900909189,1.24644753688858,1.31716120357728,1.35665759672419,2.67042380459063,1.54882977639625,1.32821928818221,0.800198517435881,1.07491384616611,1.41481617766212,0.806554015079708,1.67596942590804,1.13819899814224,1.78658447268745,0.21176701936026401,1.47213738417747,0.876603203147115,1.07475850041481,1.43568719335583,0.941625434635972,1.05611960659967,0.635728735233552,1.63873177121942,1.03751399139017,1.00339662100914,1.44316351105743,0.983054302581496,1.96965435761299,1.86118725584403,1.0565510533637,0.954458440875444,0.49252803181515,0.854725495518831,0.947585719305844,1.18500952458275,0.95682101227922,0.958657192796223,1.63931821586029,1.16854158843376,0.976620036906906,1.18476725271602,1.44856904663997,1.91281309844497,2.05704493759577,1.9461181021533,1.20816906050108,0.802518800052533,1.03898851794001,1.13652523428069,1.93041543081221,1.3102711130653,1.70610589758698,1.62945209303845,1.91722988048041,0.502452128107851,1.94612209233563,1.13800136026955,1.62408860303681,1.23842123503247,3.67135783528047,1.29692509546809,1.37476202056788,1.4136637989452,1.41454232439307,2.19248426521354,1.39300041948412,1.21796016492977,1.42114646375256,0.0374828706376031,0.969537402357981,1.47300337664165,1.59098358235846,1.25263097545263,1.29573078135119,1.6464711623777,1.4930647410367,1.42370518577394,1.15454849652932,1.2061042071634,1.64387367029808,1.43950472746632,1.23594316955329,1.68586381293832,1.64711719344905,1.56649212133762,1.326539390971,0.92932250146728,1.23403616696625,0.0590138358378827,1.30906532850079,1.73112154595295
3.52178876674365,3.56916168318363,2.36526348479884,5.43613429093555,4.38955385016968,2.350861852486,2.49955958846931,3.43275277255217,3.94266524227992,1.00000426239241,4.95820993299982,3.00591190654691,4.77194026120332,4.3969980213645,4.14758098048549,3.48756669862693,3.28220002484706,3.03833837002878,1.66609354257234,4.14666526375359,2.59584156871046,4.28573512423085,5.01590289423099,4.01431418875146,4.70804685464512,5.06928312491604,5.20523686597569,4.57891865342641,3.30291592391296,3.55639776960935,2.70681717623511,4.23494228947713,4.51874760465417,3.2231800468128,8.30924279665414,1.69319212327259,4.12580997655497,4.20225781900238,3.02698542274602,3.04950583349434,4.15328268060764,3.74502727819754,3.26610796000211,1.54644424154729,6.48736398818687,3.89995375089494,5.01845884484207,1.04932412680579,4.90361132759149,4.088370447181,2.91717824903579,2.92846572121076,2.98908932690187,4.01470449901782,3.1391175116469,4.89553305884538,6.99712448013951,2.55101347401414,4.12823640160009,3.79226147623527,3.7897273913222,5.55587531413375,3.24620555485716,4.02574918512483,2.63336209634472,3.69179146229217,4.69063469771423,2.55771535949113,3.56991738433493,1.19242390750897,3.51110782907231,3.73516482910898,4.17586328420121,1.00000001462907,2.74884957868282,2.30676301940941,4.55392511618159,4.03329246754565,5.18196221798938,4.90557939401484,4.81390906299933,3.22365565624791,3.83343648217839,2.7370206720422,4.15453460893806,4.205332678563,3.28261610987552,1.00000108680363,2.64631913439361,3.47425528781392,2.72008288599604,4.92517457030185,3.33442160083829,1.00000097330132,4.74379582033969,2.20463068478621,2.60850046567297,3.46570344583129,5.81167235296807,2.82778103986288,3.71797247336215,3.36898447526629,4.43249286462882,3.51802971539334,6.60760740133137,3.70561050024475,2.43073471766552,3.59686328021686,3.89660276265761,3.35808649365883,4.96691164899268,2.45157772012208,3.1838943573361,1.34776633218615,5.09006076863281,3.61150100506374,3.27350244019579,4.57127437296798,4.70990264280279,2.77473363481568,4.57400644489418
31,31,28,32,41,33,32,35,38,35,29,31,35,32,31,37,29,33,30,33,35,32,28,31,39,30,39,31,32,30,35,37,32,39,36,38,42,38,37,42,30,31,35,39,31,35,30,31,30,35,36,34,34,37,32,32,31,30,35,30,38,25,26,35,28,39,33,42,32,35,33,33,31,34,35,36,34,41,35,35,31,35,28,36,38,35,33,28,29,37,31,41,32,31,31,39,30,33,39,35,35,35,35,31,32,39,32,35,32,33,32,34,31,39,32,31,31,35,39,33,32
74,72,69,66,63,58,68,38,84,46,80,54,76,41,59,77,64,78,52,60,64,84,78,58,69,63,76,25,72,77,36,70,81,59,94,53,78,46,72,72,66,78,68,59,72,71,83,79,43,69,57,63,74,85,73,80,83,65,83,81,68,58,69,75,75,63,63,70,65,73,78,86,63,87,72,70,72,68,77,43,82,61,70,49,51,72,68,61,74,67,64,80,70,58,65,61,83,74,35,67,73,85,76,79,77,76,74,38,78,71,80,71,75,58,80,68,65,85,31,68,58
5.785,5.85,5.975,5.975,5.69,5.84,5.96,5.35,6.07,5.89,5.87,5.785,6.205,5.59,5.895,6.185,5.81,5.89,5.665,5.75,5.86,5.935,5.92,5.98,5.89,5.735,5.91,5.245,5.855,6.02,5.855,5.8,5.93,5.74,5.655,5.64,5.71,5.57,5.845,6.13,5.715,6.02,5.69,5.785,5.875,5.96,5.885,5.805,5.675,5.67,5.575,5.925,6.02,6.285,6.065,5.96,5.89,5.72,5.85,5.995,5.84,5.83,5.605,5.675,5.93,5.835,6.02,5.56,5.75,5.465,5.81,5.88,5.795,5.66,5.81,5.675,5.795,5.64,6.16,5.625,6.16,5.815,5.575,5.365,5.595,6.24,5.71,5.965,5.805,6.105,5.86,5.98,6.01,5.73,5.87,5.82,5.735,5.795,5.145,5.855,6.015,6.11,5.855,5.59,5.97,5.98,5.855,5.41,5.915,6.04,5.98,5.895,6.065,6.05,6.09,6.205,5.63,5.95,5.43,5.75,5.94
5.97083333333333,6.195,6.09083333333333,6.27,6.04916666666667,5.96833333333333,6.24583333333333,5.44333333333333,6.35833333333333,6.005,6.1125,6.0275,6.14083333333333,5.71083333333333,6.25416666666667,6.37583333333333,5.9875,5.99,6.06666666666667,6.01083333333333,6.21083333333333,6.1475,6.245,6.3366666666666696,6.185,6.10333333333333,6.15333333333333,5.8625,5.95916666666667,6.27666666666667,5.86333333333333,6.03333333333333,6.30083333333333,6.03583333333333,6.14166666666667,5.93833333333333,5.94,5.83916666666667,6.2425,6.3625,6.03916666666667,6.3325,5.945,5.9275,6.1,6.2525,6.0241666666666696,6.16416666666667,6.0475,6.105,5.7875,5.92166666666667,6.28666666666667,6.4075,6.105,6.1475,6.135,6.01666666666667,6.07166666666667,6.15416666666667,6.20583333333333,6.05333333333333,5.7675,6.04333333333333,6.07666666666667,6.05,6.18916666666667,5.945,5.835,5.4975,6.12166666666667,6.2425,6.08083333333333,5.67833333333333,6.045,5.92083333333333,6.03,6.11916666666667,6.4225,5.75166666666667,6.27083333333333,6.02666666666667,5.93583333333333,5.78083333333333,5.96333333333333,6.42333333333333,6.02916666666667,6.05,6.07416666666667,6.24083333333333,6.24166666666667,6.30333333333333,6.09,5.87,6.01833333333333,6.1625,6.045,6.10666666666667,5.37916666666667,6.05583333333333,6.3,6.145,6.02833333333333,5.9875,6.2225,6.1275,6.06833333333333,5.79,6.2741666666666696,6.22666666666667,6.05083333333333,6.13,6.29166666666667,6.36,6.23,6.20583333333333,5.9758333333333304,6.145,5.67333333333333,6.0475,6.08583333333333
5.62,5.895,5.84,5.9,5.84,5.88,5.995,5.28,5.97,5.855,5.875,5.655,6.005,5.425,5.735,6.06,5.67,5.895,5.745,5.49,5.715,5.91,5.835,5.96,5.895,5.62,5.845,5.56,5.77,6.045,5.69,5.675,5.86,5.69,5.56,5.64,5.59,5.355,5.895,5.925,5.515,5.84,5.575,5.64,5.555,5.875,5.835,5.935,5.615,5.835,5.42,5.79,5.9,6.025,6.01,5.63,5.515,5.66,5.665,5.99,5.565,5.865,5.59,5.59,5.885,5.82,5.94,5.62,5.655,5.405,5.82,5.845,5.625,5.62,5.665,5.65,5.77,5.66,6.1,5.385,6.025,5.92,5.62,5.405,5.655,6.09,5.495,6.055,5.665,5.975,5.865,5.935,5.855,5.745,5.815,5.795,5.7,5.705,5.195,5.865,5.845,6.06,5.805,5.59,5.81,5.79,5.76,5.505,5.875,5.98,5.605,5.73,5.875,6.03,6.005,5.865,5.635,5.885,5.04,5.67,5.615
6.37349397590361,6.10222222222222,6.52252252252253,6.46323529411764,6.04494382022472,6.04166666666667,6.47240618101545,4.85591397849462,6.62403100775194,6.0632603406326,6.38181818181818,6.24061810154525,6.72390572390572,5.80103359173127,6.50144927536232,6.69724770642202,6.42328042328042,6.35416666666667,6.07542579075426,6.47126436781609,6.26253687315634,6.48266666666667,6.24621212121212,6.27322404371585,6.28132387706856,6.24666666666667,6.56010928961748,5.11397849462366,6.41666666666667,6.54947916666666,5.80357142857143,6.60512820512821,6.53174603174603,6.22522522522522,6.0215053763440904,6.05855855855856,6.50347222222222,5.79385964912281,6.26997245179063,6.27710843373494,5.92929292929293,6.63696369636964,5.95833333333333,6.14375,6.70370370370371,6.49509803921568,6.47517730496454,6.29193899782135,5.86374695863747,6.19710144927536,6.2025641025641,6.28,6.61904761904762,6.97819314641745,6.37373737373737,6.56547619047619,6.83974358974359,6.65343915343915,6.63802083333333,6.73214285714286,6.49789029535865,6.10539215686274,6.23511904761905,5.71282051282051,6.35990338164251,6.21315192743764,6.2312925170068,6.04166666666667,6.11872146118721,5.55026455026455,6.61111111111111,6.3992673992674,6.43989071038251,5.77210884353742,6.18962075848303,6.54032258064516,6.30654761904762,5.83524904214559,6.93840579710145,5.53030303030303,6.84876543209876,6.12232415902141,5.51690821256039,5.66915422885572,5.86,6.54982817869416,5.98301486199575,6.03488372093023,6.125,6.50314465408805,6.25185185185185,6.65359477124183,6.52293577981651,6.02189781021898,6.09649122807018,6.04672897196262,6.56574923547401,6.35168195718654,4.74704491725768,6.22300469483568,6.66949152542373,6.34383202099737,6.515625,6.14414414414414,6.80555555555556,6.52032520325203,6.28918322295806,5.30894308943089,6.47854785478548,6.62,6.51767676767677,6.27728613569322,6.3134328358209,6.4327485380116904,6.89367816091954,6.8130081300813,5.96190476190476,6.26262626262626,5.33082706766917,6.31292517006803,6.2984126984127
6.16666666666667,6.01408450704225,6.14652014652015,6.09876543209877,5.78828828828829,6.1359649122807,6.49803921568628,4.90579710144928,6.42051282051282,5.90434782608696,6.29292929292929,6.00273224043716,6.59302325581395,5.60696517412935,6.5663082437276,6.50406504065041,6.08661417322835,6.54761904761905,5.71821305841924,6.08490566037736,5.83828382838284,6.60493827160494,5.91414141414141,6.28011204481793,6.22222222222222,5.5823754789272,6.56296296296296,5.18322295805739,6.4797507788162,6.68553459119497,5.71774193548387,6.55555555555555,6.65196078431373,6.168,6.0314465408805,6.09039548022599,6.14761904761905,5.16190476190476,6.31868131868132,6.14718614718615,5.49523809523809,6.2,6.04901960784314,6.0089485458613,5.828125,6.4910394265233,6.49081364829397,6.60109289617486,5.73684210526316,6.29059829059829,6.09748427672956,6.12582781456954,6.41772151898734,6.88888888888889,6.40379403794038,5.66169154228856,6.31372549019608,6.3719298245614,6.27536231884058,6.82491582491583,6.16888888888889,6.18320610687023,6.04892966360856,5.37704918032787,6.37142857142857,6.31339031339031,6.10280373831776,6.17105263157895,5.98009950248756,5.54736842105263,6.54924242424242,6.12745098039216,6.15120274914089,5.76239316239316,6.45878136200717,6.62007168458781,6.25786163522012,5.75675675675676,6.9625,5.3359375,6.6869918699187,6.15064102564103,5.64529914529915,5.78415300546448,5.84353741496599,5.97222222222222,5.54852320675105,6.23884514435696,5.83333333333333,6.21782178217822,6.28409090909091,6.57657657657658,6.51890034364261,5.95620437956205,6.03333333333333,6.08888888888889,6.60824742268041,6.27124183006536,4.91851851851852,6.30724637681159,6.60536398467433,6.48989898989899,6.48039215686275,5.80676328502416,6.56481481481482,6.60457516339869,6.32958801498127,5.4238683127572,6.18357487922705,6.34538152610442,5.83854166666667,5.9873417721519004,6.58163265306123,6.67003367003367,6.90909090909091,6.43571428571429,6.23076923076923,5.94915254237288,4.83088235294118,6.18589743589744,5.90175438596491
0.865,0.815,1.165,1.35,0.795,1.95,1.675,1.365,0.93,1.535,1.03,1.565,0.995,1.255,1.085,1.145,1.26,1.45,1.505,1.19,1.235,1.285,0.87,1.28,1.425,1.04,1.2,1.235,1.34,1.33,1.26,1.3,0.82,1.095,0.6,1.65,1,0.81,1.235,1.77,0.64,1.085,1.07,1.73,0.88,1.39,1.335,1.835,1.335,1.115,1.36,1.67,1.025,1.145,1.39,1.08,0.94,1.33,1.28,1.15,0.825,1.28,1.16,0.665,1.56,1.605,1.395,1.02,1.58,2.135,1.04,0.885,1.17,1.89,1.705,1.39,1.18,0.905,0.92,1.06,1.13,1.165,0.755,1.31,1.49,0.995,1.685,1.86,0.77,1.11,1.425,1.08,1.085,1.565,0.82,1.235,1.135,1.085,1.155,1.48,1.25,1.375,1.38,0.77,0.95,1.215,1.635,1.55,1.045,0.99,1.31,1.135,1.35,1.24,1.15,1.295,1.065,0.77,1.265,1.04,0.965
0.83,0.745,0.805,0.685,0.65,1.67,0.825,1.23,0.615,1.295,0.915,1.1,0.81,1.21,0.875,0.85,1.305,1.04,0.965,1,0.995,1.04,0.59,1.155,1.425,0.815,0.79,1.255,1.075,1.08,1.26,0.89,0.63,1.225,0.505,1.27,0.64,1.005,0.965,0.775,0.65,0.715,1.07,1.535,0.45,0.805,1.085,1.34,1.43,1.105,1.07,1.655,0.775,0.715,1.305,0.585,0.45,0.895,0.695,1.095,0.765,1.235,1.125,0.545,1.155,1.245,0.985,0.82,1.36,2.09,0.88,0.63,0.885,1.895,0.895,0.995,1.03,0.73,0.82,1.21,0.8,1.05,0.85,1.09,1.485,0.72,0.815,1.335,0.72,1.045,0.89,0.69,0.975,1.445,0.78,0.98,0.975,0.97,1.105,1.205,0.845,0.73,0.99,0.755,0.58,1.04,0.885,1.5,0.675,0.795,0.5,0.835,0.95,1.015,0.83,1.47,1.02,0.615,1.13,1.11,0.835
